Sleeping	Toileting	Showering	Breakfast	Grooming	Spare_Time/TV	Leaving	Lunch	Snack
0.056451612903225805	0.17741935483870969	0.056451612903225805	0.056451612903225805	0.20564516129032259	0.31048387096774194	0.056451612903225805	0.036290322580645164	0.04435483870967738
