"	"	Bed Pressure Bedroom	Cabinet Magnetic Bathroom	Basin PIR Bathroom	Toilet Flush Bathroom	Shower PIR Bathroom	Fridge Magnetic Kitchen	Cupboard Magnetic Kitchen	Toaster Electric Kitchen	Cooktop PIR Kitchen	Microwave Electric Kitchen	Seat Pressure Living	Maindoor Magnetic Entrance
Sleeping	0.99999991538462307	7.6923070414201764e-09	7.6923070414201764e-09	7.6923070414201764e-09	7.6923070414201764e-09	7.6923070414201764e-09	7.6923070414201764e-09	7.6923070414201764e-09	7.6923070414201764e-09
Toileting	3.0303029476584033e-09	0.030303029476584035	0.39393938319559246	0.57575756005509671	3.0303029476584033e-09	3.0303029476584033e-09	3.0303029476584033e-09	3.0303029476584033e-09	3.0303029476584033e-09
Showering	7.142856581632699e-09	7.142856581632699e-09	7.142856581632699e-09	7.142856581632699e-09	0.99999992142857796	7.142856581632699e-09	7.142856581632699e-09	7.142856581632699e-09	7.142856581632699e-09
Breakfast	1.5624999829101567e-09	1.5624999829101567e-09	1.5624999829101567e-09	1.5624999829101567e-09	1.5624999829101567e-09	0.24999999726562508	0.24999999726562508	0.21874999760742195	0.06249999931640627
Grooming	1.5384615171597648e-09	0.19999999723076944	0.76923075857988243	0.030769230343195297	1.5384615171597648e-09	1.5384615171597648e-09	1.5384615171597648e-09	1.5384615171597648e-09	1.5384615171597648e-09
Spare_Time/TV	1.3888888715277779e-09	1.3888888715277779e-09	0.02777777743055556	1.3888888715277779e-09	1.3888888715277779e-09	1.3888888715277779e-09	1.3888888715277779e-09	1.3888888715277779e-09	1.3888888715277779e-09
Leaving	3.5714284311224545e-09	3.5714284311224545e-09	3.5714284311224545e-09	3.5714284311224545e-09	3.5714284311224545e-09	3.5714284311224545e-09	3.5714284311224545e-09	3.5714284311224545e-09	3.5714284311224545e-09
Lunch	1.8867924243503028e-09	1.8867924243503028e-09	1.8867924243503028e-09	1.8867924243503028e-09	1.8867924243503028e-09	0.43396225760056967	0.28301886365254542	1.8867924243503028e-09	0.16981131819152726
Snack	7.1428566326530982e-09	7.1428566326530982e-09	7.1428566326530982e-09	7.1428566326530982e-09	7.1428566326530982e-09	0.85714279591837184	0.14285713265306199	7.1428566326530982e-09	7.1428566326530982e-09
