Spare_Time/TV	Grooming	Toileting	Sleeping	Breakfast	Showering	Snack	Lunch	Leaving	Dinner
0.23529411764705882	0.22920892494929007	0.18864097363083165	0.058823529411764705	0.044624746450304259	0.02231237322515213	0.095334685598377281	0.026369168356997971	0.077079107505070993	0.022312373225152116
