"	"	Sleeping	Toileting	Showering	Breakfast	Grooming	Spare_Time/TV	Leaving
Sleeping	9.9999940000035962e-08	0.9999994000003597	9.9999940000035962e-08	9.9999940000035962e-08	9.9999940000035962e-08	9.9999940000035962e-08	9.9999940328387993e-08
Toileting	4.9999987500003122e-08	4.9999987500003122e-08	0.49999987500003124	4.9999987500003122e-08	4.9999987500003122e-08	4.9999987500003122e-08	0.49999987500003129
Showering	9.9999940000035988e-08	9.9999940000035988e-08	9.9999940000035988e-08	0.99999940000035992	9.9999940000035988e-08	9.9999940000035988e-08	9.9999940106343388e-08
Breakfast	9.9999940000035988e-08	9.9999940000035988e-08	9.9999940000035988e-08	9.9999940000035988e-08	0.99999940000035992	9.9999940000035988e-08	9.9999940106343388e-08
Grooming	9.9999940000035988e-08	9.9999940000035988e-08	9.9999940000035988e-08	9.9999940000035988e-08	9.9999940000035988e-08	0.99999940000035992	9.9999940106343388e-08
Spare_Time/TV	4.9999985000004523e-08	0.99999970000009053	4.9999985000004523e-08	4.9999985000004523e-08	4.9999985000004523e-08	4.9999985000004523e-08	4.9999984264026409e-08
Leaving	9.9999940000035988e-08	9.9999940000035988e-08	9.9999940000035988e-08	9.9999940000035988e-08	9.9999940000035988e-08	0.99999940000035992	9.9999940106343388e-08
