Sleeping	Toileting	Showering	Breakfast	Grooming	Spare_Time/TV	Leaving
0.10000000000000001	0.29999999999999999	0.10000000000000001	0.10000000000000001	0.10000000000000001	0.20000000000000001	0.10000000000000009
