"	"	Bed Pressure Bedroom	Cabinet Magnetic Bathroom	Basin PIR Bathroom	Toilet Flush Bathroom	Shower PIR Bathroom	Fridge Magnetic Kitchen	Cupboard Magnetic Kitchen	Toaster Electric Kitchen	Cooktop PIR Kitchen	Microwave Electric Kitchen	Seat Pressure Living	Maindoor Magnetic Entrance
Sleeping	0.99999890000120939	9.9999890000120934e-08	9.9999890000120934e-08	9.9999890000120934e-08	9.9999890000120934e-08	9.9999890000120934e-08	9.9999890000120934e-08
Toileting	1.6666664166667035e-08	0.16666664166667033	0.33333328333334067	0.49999992500001106	1.6666664166667035e-08	1.6666664166667035e-08	1.6666664166667035e-08
Showering	9.9999890000120947e-08	9.9999890000120947e-08	9.9999890000120947e-08	9.9999890000120947e-08	0.99999890000120961	9.9999890000120947e-08	9.9999890000120947e-08
Breakfast	1.4285712857142997e-08	1.4285712857142997e-08	1.4285712857142997e-08	1.4285712857142997e-08	1.4285712857142997e-08	0.28571425714285997	0.28571425714285997
Grooming	9.9999890000120947e-08	9.9999890000120947e-08	0.99999890000120961	9.9999890000120947e-08	9.9999890000120947e-08	9.9999890000120947e-08	9.9999890000120947e-08
Spare_Time/TV	4.9999972500015125e-08	4.9999972500015125e-08	4.9999972500015125e-08	4.9999972500015125e-08	4.9999972500015125e-08	4.9999972500015125e-08	4.9999972500015125e-08
Leaving	4.9999972500015125e-08	4.9999972500015125e-08	4.9999972500015125e-08	4.9999972500015125e-08	4.9999972500015125e-08	4.9999972500015125e-08	4.9999972500015125e-08
